bekerja,일하다,Ayah bekerja di kantor setiap hari.,아버지는 매일 사무실에서 일한다.
memimpin,이끌다/지도하다,Dia memimpin timnya dengan bijaksana.,그는 팀을 지혜롭게 이끌었다.
merancang,설계하다/계획하다,Arsitek itu merancang gedung baru.,그 건축가는 새 건물을 설계했다.
merencanakan,계획하다,Kami merencanakan liburan ke Bali.,우리는 발리 여행을 계획하고 있다.
melaksanakan,실행하다,Mereka melaksanakan program dengan baik.,그들은 프로그램을 잘 실행했다.
mengembangkan,개발하다,Perusahaan itu mengembangkan produk baru.,그 회사는 새 제품을 개발했다.
menghasilkan,생산하다/만들어내다,Pabrik ini menghasilkan ribuan produk per hari.,이 공장은 하루에 수천 개의 제품을 생산한다.
bernegosiasi,협상하다,Kedua pihak bernegosiasi selama berjam-jam.,양측은 몇 시간 동안 협상했다.
berkolaborasi,협력하다,Dua perusahaan berkolaborasi dalam proyek ini.,두 회사가 이 프로젝트에서 협력했다.
bersaing,경쟁하다,Mereka bersaing ketat untuk merebut juara pertama.,그들은 1위를 차지하기 위해 치열하게 경쟁했다.
berpartisipasi,참여하다,Semua siswa berpartisipasi dalam lomba itu.,모든 학생이 그 대회에 참여했다.
memimpin rapat,회의를 진행하다,Dia memimpin rapat dengan tenang dan tegas.,그는 차분하고 단호하게 회의를 진행했다.
mempresentasikan,발표하다,Dia mempresentasikan hasil penelitiannya di depan dewan.,그는 위원회 앞에서 연구 결과를 발표했다.
mengawasi,감독하다/감시하다,Pengawas mengawasi jalannya ujian dengan ketat.,감독관이 시험 진행을 엄격하게 감독했다.
menginspeksi,점검하다,Petugas menginspeksi kondisi gedung secara rutin.,담당자가 건물 상태를 정기적으로 점검했다.
pekerjaan,직업/일,Pekerjaannya membuatnya sibuk dari pagi hingga malam.,그의 일이 아침부터 밤까지 그를 바쁘게 만든다.
kantor,사무실/회사,Kantor barunya terletak di pusat kota yang strategis.,그의 새 사무실은 전략적인 도심에 위치해 있다.
pegawai,직원/사원,Pegawai baru itu bekerja dengan penuh semangat dan dedikasi.,그 신입 직원은 열정과 헌신으로 일한다.
nelayan,어부,Nelayan itu melaut setiap hari untuk menghidupi keluarganya.,그 어부는 가족을 부양하기 위해 매일 바다로 나간다.
pengusaha,기업인/사업가,Pengusaha muda itu berhasil membangun bisnisnya dari nol.,그 젊은 사업가는 맨손에서 사업을 일구는 데 성공했다.
karyawan,직원/사원,Karyawan perusahaan itu mendapat bonus akhir tahun.,그 회사 직원은 연말 보너스를 받았다.
manajer,매니저/관리자,Manajernya selalu mendukung ide-ide kreatif dari timnya.,그의 매니저는 항상 팀의 창의적인 아이디어를 지지한다.
pemimpin,지도자/리더,Pemimpin yang baik melayani bukan memerintah.,좋은 지도자는 군림하지 않고 섬긴다.
wartawan,기자,Wartawan itu meliput berita dari daerah konflik yang berbahaya.,그 기자는 위험한 분쟁 지역의 뉴스를 취재했다.
penulis,작가,Penulis itu menghabiskan waktu berjam-jam untuk menyempurnakan tulisannya.,그 작가는 글을 완성하기 위해 몇 시간씩 시간을 보낸다.
atlet,운동선수,Atlet itu berlatih keras setiap hari untuk meraih prestasi.,그 운동선수는 성취를 이루기 위해 매일 열심히 훈련한다.
chef,요리사,Chef berbintang itu menciptakan menu baru yang menakjubkan.,그 스타 셰프는 놀라운 새 메뉴를 만들어 냈다.
arsitek,건축가,Arsitek itu merancang gedung yang indah dan fungsional.,그 건축가는 아름답고 기능적인 건물을 설계했다.
insinyur,엔지니어,Insinyur muda itu berhasil memecahkan masalah teknis yang rumit.,그 젊은 엔지니어는 복잡한 기술 문제를 해결하는 데 성공했다.
ilmuwan,과학자,Ilmuwan itu mendedikasikan hidupnya untuk penelitian.,그 과학자는 연구에 자신의 삶을 바쳤다.
profesional,전문적인,Dia bekerja dengan cara yang sangat profesional.,그는 매우 전문적인 방식으로 일한다.
akuntan,회계사,Dia bekerja sebagai akuntan di perusahaan asing.,그는 외국계 회사에서 회계사로 일한다.
koki,요리사,Koki restoran itu berasal dari Padang.,그 식당 요리사는 파당 출신이다.
pelayan,종업원/웨이터,Pelayan itu mencatat pesanan kami.,그 종업원이 우리 주문을 받아 적었다.
buruh,노동자/공원,Banyak buruh bekerja di pabrik tekstil itu.,그 섬유 공장에는 노동자가 많이 일한다.
tukang,~장이/기술자 (직종 앞에 붙임),Kami memanggil tukang untuk memperbaiki atap.,우리는 지붕을 고치려고 기술자를 불렀다.
tukang kayu,목수,Tukang kayu itu membuat lemari untuk kami.,그 목수가 우리에게 옷장을 만들어 주었다.
tukang cukur,이발사,Saya potong rambut di tukang cukur langganan.,저는 단골 이발소에서 머리를 자릅니다.
tukang ojek,오토바이 택시 기사,Tukang ojek itu mengantar saya ke stasiun.,그 오토바이 기사가 저를 역까지 데려다주었습니다.
montir,정비공,Montir sedang memperbaiki mesin mobil.,정비공이 자동차 엔진을 고치고 있다.
satpam,경비원 (satuan pengamanan),Satpam menjaga gerbang sepanjang malam.,경비원이 밤새 정문을 지킨다.
pembantu,가사도우미,Pembantu kami datang tiga kali seminggu.,우리 집 도우미는 일주일에 세 번 옵니다.
pramugari,여승무원,Pramugari itu ramah kepada semua penumpang.,그 승무원은 모든 승객에게 친절하다.
resepsionis,안내원/접수원,Resepsionis mencatat nama tamu di buku.,접수원이 손님 이름을 장부에 적었다.
sekretaris,비서,Sekretaris menyiapkan berkas untuk rapat.,비서가 회의용 서류를 준비했다.
teknisi,기술자/테크니션,Teknisi datang memperbaiki mesin cuci.,기술자가 세탁기를 고치러 왔다.
penerjemah,번역가/통역사,Dia bekerja sebagai penerjemah bahasa Korea.,그는 한국어 통역사로 일한다.
pegawai negeri,공무원,Ayahnya pegawai negeri di kantor kecamatan.,그의 아버지는 면사무소 공무원이다.
wiraswasta,자영업자,Setelah pensiun dia menjadi wiraswasta.,퇴직 후 그는 자영업자가 되었다.
direktur,이사/대표,Direktur perusahaan itu masih muda.,그 회사 대표는 아직 젊다.
staf,직원/스태프,Semua staf hadir dalam rapat pagi.,전 직원이 아침 회의에 참석했다.
bos,사장/상사 (구어),Bos saya baik tapi tegas.,우리 사장님은 좋으신데 엄격해.
atasan,상사,Dia melapor kepada atasannya setiap Senin.,그는 매주 월요일 상사에게 보고한다.
bawahan,부하 직원,Atasan yang baik mendengarkan bawahannya.,좋은 상사는 부하 직원의 말을 듣는다.
rekan kerja,동료,Rekan kerja saya membantu saat saya sibuk.,제가 바쁠 때 동료가 도와주었습니다.
rapat,회의,Rapat dimulai pukul sembilan pagi.,회의는 아침 아홉 시에 시작한다.
lembur,야근/초과근무,Dia sering lembur sampai larut malam.,그는 밤늦게까지 자주 야근한다.
cuti,휴가,Saya mengambil cuti tiga hari minggu depan.,저는 다음 주에 사흘 휴가를 냅니다.
izin,허가/조퇴 신청,Dia minta izin pulang lebih awal.,그는 일찍 퇴근하겠다고 허락을 구했다.
bonus,상여금/보너스,Karyawan menerima bonus akhir tahun.,직원들이 연말 상여금을 받았다.
tunjangan,수당,Tunjangan transportasi dibayar setiap bulan.,교통 수당은 매달 지급된다.
THR,명절 상여금 (Tunjangan Hari Raya),Perusahaan membagikan THR sebelum Lebaran.,회사는 명절 전에 명절 상여금을 지급한다.
upah,임금/삯,Upah harian buruh itu belum dibayar.,그 노동자의 일당이 아직 지급되지 않았다.
gaji pokok,기본급,Gaji pokoknya belum termasuk tunjangan.,그의 기본급에는 수당이 포함되지 않았다.
promosi,승진,Dia mendapat promosi setelah lima tahun.,그는 오 년 만에 승진했다.
jabatan,직위/직책,Jabatannya naik menjadi kepala bagian.,그의 직책이 부서장으로 올라갔다.
karier,경력/커리어,Dia membangun kariernya dari bawah.,그는 밑바닥에서부터 경력을 쌓았다.
pengalaman kerja,경력/근무 경험,Pengalaman kerjanya sudah sepuluh tahun.,그의 근무 경력은 십 년이 되었다.
pensiun,퇴직/은퇴,Ayah saya pensiun tahun lalu.,제 아버지는 작년에 퇴직하셨습니다.
mengundurkan diri,사직하다,Dia mengundurkan diri karena alasan keluarga.,그는 가정 사정으로 사직했다.
dipecat,해고되다,Karyawan itu dipecat karena sering bolos.,그 직원은 자주 결근해서 해고되었다.
PHK,정리해고 (Pemutusan Hubungan Kerja),Banyak pekerja terkena PHK tahun ini.,올해 많은 노동자가 정리해고를 당했다.
lowongan,채용 공고/일자리,Ada lowongan kerja di perusahaan itu.,그 회사에 채용 공고가 있다.
melamar kerja,입사 지원하다,Dia melamar kerja di tiga perusahaan.,그는 세 회사에 입사 지원을 했다.
pelamar,지원자,Pelamar untuk posisi itu lebih dari seratus.,그 자리 지원자가 백 명이 넘는다.
daftar riwayat hidup,이력서,Kirimkan daftar riwayat hidup lewat surel.,이메일로 이력서를 보내 주세요.
wawancara kerja,입사 면접,Wawancara kerjanya berjalan lancar.,그의 입사 면접은 순조롭게 진행됐다.
magang,인턴십/실습,Dia magang di rumah sakit selama enam bulan.,그는 여섯 달 동안 병원에서 실습했다.
kontrak,계약,Kontrak kerjanya berakhir bulan depan.,그의 근로 계약은 다음 달에 끝난다.
karyawan tetap,정규직 직원,Setelah dua tahun dia jadi karyawan tetap.,이 년 뒤 그는 정규직이 되었다.
karyawan kontrak,계약직 직원,Sebagian besar mereka karyawan kontrak.,그들 대부분은 계약직이다.
jam kerja,근무 시간,Jam kerja di kantor itu fleksibel.,그 회사 근무 시간은 유연하다.
shift,교대 근무,Perawat itu bekerja shift malam.,그 간호사는 야간 교대 근무를 한다.
hari kerja,평일/근무일,Bank hanya buka pada hari kerja.,은행은 평일에만 문을 연다.
hari libur,휴일,Kantor tutup pada hari libur nasional.,국경일에는 사무실이 문을 닫는다.
serikat pekerja,노동조합,Serikat pekerja menuntut kenaikan upah.,노동조합이 임금 인상을 요구했다.
tanggung jawab,책임,Setiap orang punya tanggung jawab masing-masing.,각 사람에게는 저마다의 책임이 있다.
proyek,프로젝트/사업,Proyek itu selesai lebih cepat dari jadwal.,그 사업은 예정보다 빨리 끝났다.
laporan,보고서,Laporan bulanan harus dikumpulkan besok.,월간 보고서는 내일까지 제출해야 한다.
kerja sama,협력/공동 작업,Kerja sama tim itu sangat baik.,그 팀의 협력은 아주 좋다.
