binatang,동물,Binatang-binatang itu dilindungi di dalam kawasan konservasi.,그 동물들은 보전 지역 안에서 보호받고 있다.
kucing,고양이,Kucingnya suka tidur di atas sofa yang empuk.,그의 고양이는 푹신한 소fa 위에서 자는 것을 좋아한다.
anjing,개,Anjingnya selalu menyambut dengan gembira saat ia pulang.,그가 집에 돌아오면 개가 항상 기쁘게 맞이한다.
sapi,소,Sapi-sapi itu merumput dengan tenang di padang rumput.,소들이 초원에서 조용히 풀을 뜯고 있다.
kambing,염소,Kambing itu diternakkan untuk diambil susunya.,그 염소는 젖을 얻기 위해 사육되고 있다.
kuda,말(동물),Kuda itu berlari kencang melewati padang yang luas.,말이 넓은 평원을 가로질러 빠르게 달린다.
gajah,코끼리,Gajah Sumatera adalah salah satu hewan yang terancam punah.,수마트라 코끼리는 멸종 위기에 처한 동물 중 하나이다.
harimau,호랑이,Harimau adalah hewan yang sangat kuat dan berwibawa.,호랑이는 매우 강하고 위엄 있는 동물이다.
ular,뱀,Ular berbisa itu bersembunyi di balik semak-semak.,그 독사는 덤불 뒤에 숨어 있었다.
burung,새,Burung-burung berkicau merdu setiap pagi di taman.,새들이 매일 아침 정원에서 아름답게 지저귄다.
kupu-kupu,나비,Kupu-kupu terbang dari bunga ke bunga dengan lincah.,나비가 꽃에서 꽃으로 날렵하게 날아다닌다.
lebah,벌,Lebah mengumpulkan nektar dari bunga untuk membuat madu.,벌이 꿀을 만들기 위해 꽃에서 꿀을 모은다.
semut,개미,Semut-semut bekerja keras tanpa mengenal lelah.,개미들은 지칠 줄 모르고 열심히 일한다.
nyamuk,모기,Nyamuk adalah serangga kecil yang bisa membawa penyakit berbahaya.,모기는 위험한 질병을 옮길 수 있는 작은 곤충이다.
tikus,쥐,Tikus masuk ke dapur dan memakan makanan yang tersimpan.,쥐가 부엌에 들어와 보관된 음식을 먹었다.
kelelawar,박쥐,Kelelawar keluar mencari makan saat malam tiba.,박쥐는 밤이 되면 먹이를 찾아 나온다.
monyet,원숭이,Monyet-monyet itu berkeliaran bebas di hutan.,원숭이들이 숲속에서 자유롭게 돌아다닌다.
lumba-lumba,돌고래,Lumba-lumba adalah hewan laut yang sangat cerdas.,돌고래는 매우 영리한 해양 동물이다.
penyu,바다거북,Penyu bertelur di pantai setiap musim kawin.,바다거북은 짝짓기 철마다 해변에서 알을 낳는다.
domba,양,Kita adalah domba-domba gembalaannya.,우리는 그분이 기르시는 양들이다.
hewan,동물 (격식),Dokter hewan memeriksa kucing kami.,수의사가 우리 고양이를 진찰했다.
bebek,오리,Peternak itu memelihara ratusan bebek.,그 농부는 오리 수백 마리를 기른다.
kerbau,물소,Kerbau membajak sawah sejak pagi.,물소가 아침부터 논을 간다.
babi,돼지,Daging babi tidak dijual di warung itu.,그 가게에서는 돼지고기를 팔지 않는다.
kelinci,토끼,Anak itu memelihara dua ekor kelinci.,그 아이는 토끼 두 마리를 기른다.
ternak,가축,Ternak mereka digembalakan di padang.,그들의 가축은 들판에서 방목된다.
peliharaan,반려동물/기르는 짐승,Anjing peliharaannya sangat penurut.,그가 기르는 개는 아주 순하다.
jinak,길들여진/순한,Kucing itu jinak kepada siapa saja.,그 고양이는 누구에게나 순하다.
liar,야생의,Babi liar sering merusak kebun warga.,멧돼지가 주민들 밭을 자주 망친다.
singa,사자,Singa itu tidur di bawah pohon.,그 사자는 나무 아래에서 잠들었다.
jerapah,기린,Leher jerapah sangat panjang.,기린의 목은 아주 길다.
badak,코뿔소,Badak jawa termasuk hewan langka.,자바코뿔소는 희귀 동물에 속한다.
orangutan,오랑우탄,Orangutan hidup di hutan Kalimantan.,오랑우탄은 칼리만탄 숲에 산다.
kera,유인원/긴꼬리원숭이,Sekelompok kera turun ke jalan desa.,원숭이 무리가 마을 길로 내려왔다.
buaya,악어,"Jangan berenang di sungai itu, ada buaya.","그 강에서 수영하지 마세요, 악어가 있어요."
komodo,코모도왕도마뱀,Komodo hanya hidup di beberapa pulau.,코모도왕도마뱀은 몇몇 섬에만 산다.
rusa,사슴,Sekawanan rusa melintas di hutan.,사슴 떼가 숲을 가로질러 갔다.
beruang,곰,Beruang madu ada di hutan Sumatra.,말레이곰은 수마트라 숲에 있다.
kancil,애기사슴 (민담 속 꾀 많은 동물),Cerita kancil sering dibacakan kepada anak-anak.,칸칠 이야기는 아이들에게 자주 들려준다.
elang,매/독수리,Seekor elang terbang tinggi di atas bukit.,매 한 마리가 언덕 위 높이 날았다.
merpati,비둘기,Merpati berkumpul di halaman gereja.,비둘기들이 교회 마당에 모였다.
burung hantu,올빼미,Burung hantu berburu pada malam hari.,올빼미는 밤에 사냥한다.
cenderawasih,극락조 (파푸아의 새),Cenderawasih adalah burung khas Papua.,극락조는 파푸아를 상징하는 새다.
berkicau,지저귀다,Burung berkicau sejak pagi buta.,새들이 이른 새벽부터 지저귄다.
sarang,둥지/보금자리,Ada sarang burung di atas pohon mangga.,망고나무 위에 새 둥지가 있다.
menetas,부화하다,Telur ayam itu menetas pagi tadi.,그 달걀은 오늘 아침에 부화했다.
serangga,곤충,Banyak serangga datang ke arah lampu.,곤충이 불빛 쪽으로 많이 모여든다.
lalat,파리,Tutup makanannya supaya tidak dihinggapi lalat.,파리가 앉지 않게 음식을 덮으세요.
kecoa,바퀴벌레,Ada kecoa di bawah lemari dapur.,부엌 찬장 아래에 바퀴벌레가 있다.
laba-laba,거미,Sarang laba-laba menempel di sudut kamar.,거미줄이 방 구석에 쳐져 있다.
capung,잠자리,Capung beterbangan di atas sawah.,잠자리들이 논 위를 날아다닌다.
cicak,집도마뱀 (벽에 붙어 사는 작은 도마뱀),Ada cicak merayap di dinding kamar.,방 벽에 집도마뱀이 기어 다닌다.
tokek,도마뱀붙이 (큰 소리로 우는 도마뱀),Suara tokek terdengar keras malam ini.,오늘 밤 도마뱀붙이 우는 소리가 크게 들린다.
katak,개구리,Katak bersuara ramai setelah hujan.,비가 온 뒤 개구리가 요란하게 운다.
kadal,도마뱀,Seekor kadal berjemur di atas batu.,도마뱀 한 마리가 돌 위에서 볕을 쬔다.
hiu,상어,Nelayan itu melihat hiu di lepas pantai.,그 어부는 앞바다에서 상어를 보았다.
udang,새우,Kami memesan udang bakar di tepi pantai.,우리는 해변에서 새우구이를 주문했다.
kepiting,게,Kepiting itu ditangkap di hutan bakau.,그 게는 맹그로브 숲에서 잡혔다.
cumi-cumi,오징어,Cumi-cumi goreng tepung sangat gurih.,오징어 튀김은 아주 고소하다.
gurita,문어,Gurita punya delapan lengan.,문어는 팔이 여덟 개다.
ikan lele,메기,Pecel lele dijual di warung malam hari.,메기 요리는 밤에 노점에서 판다.
sayap,날개,Sayap burung itu terluka.,그 새의 날개가 다쳤다.
sirip,지느러미,Sirip ikan itu berwarna merah.,그 물고기의 지느러미는 붉은색이다.
cakar,발톱/발톱으로 할퀴다,Cakar kucing itu tajam sekali.,그 고양이의 발톱은 아주 날카롭다.
taring,송곳니,Taring anjing itu terlihat saat menggeram.,그 개가 으르렁댈 때 송곳니가 보였다.
bulu,털/깃털,Bulu kucing itu halus dan bersih.,그 고양이의 털은 부드럽고 깨끗하다.
menggonggong,짖다,Anjing tetangga menggonggong sepanjang malam.,이웃집 개가 밤새 짖었다.
mengeong,야옹거리다,Kucing itu mengeong minta makan.,그 고양이가 밥 달라고 야옹거린다.
menggigit,물다,Anjing itu menggigit sandal saya.,그 개가 제 슬리퍼를 물었습니다.
berkembang biak,번식하다,Nyamuk berkembang biak di air yang tergenang.,모기는 고인 물에서 번식한다.
kebun binatang,동물원,Kami mengajak anak-anak ke kebun binatang.,우리는 아이들을 동물원에 데려갔다.
