alam,자연,Keindahan alam Indonesia sungguh memukau dunia.,인도네시아 자연의 아름다움은 정말 세계를 매혹시킨다.
gunung,산,Gunung Rinjani adalah salah satu gunung paling indah di Indonesia.,린자니 산은 인도네시아에서 가장 아름다운 산 중 하나이다.
bukit,언덕,Mereka mendaki bukit itu untuk menikmati pemandangan matahari terbenam.,그들은 석양을 즐기기 위해 그 언덕을 올랐다.
lembah,계곡/골짜기,Lembah yang hijau itu tampak seperti lukisan yang hidup.,그 초록빛 계곡은 살아있는 그림처럼 보인다.
pantai,해변/해안,Pantai Bali terkenal dengan pasirnya yang putih dan bersih.,발리 해변은 하얗고 깨끗한 모래로 유명하다.
laut,바다,Laut biru yang luas membentang di hadapannya.,광활한 파란 바다가 그의 앞에 펼쳐졌다.
sungai,강,Anak-anak bermain di tepi sungai yang jernih itu.,아이들이 그 맑은 강가에서 놀고 있다.
danau,호수,Danau Toba adalah danau vulkanik terbesar di dunia.,토바 호수는 세계에서 가장 큰 화산 호수이다.
hutan,숲/정글,Hutan hujan tropis Indonesia menjadi paru-paru dunia.,인도네시아의 열대 우림은 지구의 폐가 된다.
padang,평원/들판,Padang rumput yang luas membentang sejauh mata memandang.,넓은 초원이 눈이 닿는 곳까지 펼쳐져 있다.
pulau,섬,Indonesia terdiri dari lebih dari tujuh belas ribu pulau.,"인도네시아는 17,000개 이상의 섬으로 이루어져 있다."
batu,돌/바위,Batu besar itu sudah berdiri di sana selama berabad-abad.,그 큰 바위는 수백 년 동안 그곳에 서 있었다.
pasir,모래,Pasir pantai itu halus dan berwarna putih.,그 해변의 모래는 곱고 하얀색이다.
tanah,흙/땅,Tanah di sini sangat subur untuk bercocok tanam.,이곳의 흙은 농사짓기에 매우 비옥하다.
air terjun,폭포,Air terjun itu sangat tinggi dan mengeluarkan suara yang menggelegar.,그 폭포는 매우 높고 우렁찬 소리를 낸다.
gua,동굴,Gua itu menyimpan stalaktit yang sangat indah di dalamnya.,그 동굴 안에는 매우 아름다운 종유석이 간직되어 있다.
tebing,절벽,Tebing curam itu menjadi tantangan bagi para pendaki.,그 가파른 절벽은 등산객들에게 도전이 된다.
rawa,늪/습지,Rawa-rawa itu menjadi habitat bagi berbagai jenis burung.,그 습지는 다양한 종류의 새들의 서식지가 된다.
gersang,황량한/메마른,Tanah gersang itu sulit untuk ditanami.,그 메마른 땅은 농사짓기가 어렵다.
kolam,연못/수영장,Anak-anak itu berenang di kolam renang yang jernih.,아이들이 맑은 수영장에서 수영하고 있다.
gunung berapi,화산,Gunung berapi itu masih aktif dan dipantau setiap saat.,그 화산은 아직 활성 상태이며 항상 감시된다.
gempa,지진,Gempa bumi itu terasa kuat hingga membuat rumah bergetar.,그 지진은 집이 흔들릴 정도로 강하게 느껴졌다.
banjir,홍수,Banjir melanda kota itu setelah hujan tiga hari berturut-turut.,사흘 연속 비 끝에 그 도시에 홍수가 덮쳤다.
gelombang,파도/물결,Gelombang besar menghantam karang dengan keras.,큰 파도가 바위에 세차게 부딪혔다.
angin,바람,Angin sepoi-sepoi berhembus menyejukkan suasana.,산들바람이 불어 분위기를 시원하게 한다.
hujan,비,Hujan deras turun tiba-tiba membasahi jalanan.,갑자기 폭우가 쏟아져 길을 적셨다.
petir,천둥번개,Petir menyambar pohon besar di tepi jalan itu.,번개가 길가의 큰 나무를 내리쳤다.
awan,구름,Awan putih berarak di langit biru yang cerah.,흰 구름들이 맑고 푸른 하늘에 흘러가고 있다.
matahari,태양/해,Matahari terbenam dengan warna jingga yang memukau.,해가 매혹적인 주황빛으로 지고 있다.
bulan,달,Bulan purnama menerangi malam dengan cahayanya yang lembut.,보름달이 부드러운 빛으로 밤을 밝힌다.
bintang,별,Bintang-bintang bersinar terang di langit malam yang cerah.,별들이 맑은 밤하늘에서 밝게 빛나고 있다.
langit,하늘,Langit sore itu berwarna merah dan jingga yang indah.,그 저녁 하늘은 아름다운 붉은색과 주황색이다.
pelangi,무지개,Pelangi muncul setelah hujan deras reda.,폭우가 그친 후 무지개가 나타났다.
kabut,안개,Kabut tebal menyelimuti kota di pagi hari.,짙은 안개가 아침에 도시를 뒤덮었다.
salju,눈(雪),Ia belum pernah melihat salju secara langsung.,그는 아직 직접 눈을 본 적이 없다.
musim,계절,Indonesia hanya memiliki dua musim yaitu hujan dan kemarau.,인도네시아는 우기와 건기 두 계절만 있다.
musim hujan,우기,Musim hujan biasanya dimulai sekitar bulan Oktober.,우기는 보통 10월경에 시작된다.
musim kemarau,건기,Musim kemarau membuat sungai-sungai mengering.,건기에는 강들이 마른다.
udara,공기,Udara di pegunungan terasa segar dan bersih.,산속의 공기는 신선하고 깨끗하게 느껴진다.
suhu,온도,Suhu udara hari ini mencapai tiga puluh empat derajat Celsius.,오늘 기온은 섭씨 34도에 달한다.
cuaca,날씨,Cuaca hari ini sangat cerah dan menyenangkan.,오늘 날씨는 매우 맑고 쾌적하다.
badai,폭풍,Badai dahsyat itu menghancurkan banyak rumah di daerah pesisir.,그 강력한 폭풍은 해안 지역의 많은 집을 무너뜨렸다.
embun,이슬,Embun pagi menempel di atas daun-daun segar.,아침 이슬이 신선한 잎들 위에 맺혀 있다.
mengalir,흐르다,Air sungai mengalir deras setelah hujan lebat.,폭우 후 강물이 거세게 흘렀다.
meluap,넘쳐흐르다,Sungai meluap akibat hujan deras semalam.,어젯밤 폭우로 강물이 넘쳐흘렀다.
meresap,스며들다/흡수되다,Air perlahan meresap ke dalam tanah.,물이 서서히 땅속으로 스며들었다.
menguap,증발하다,Air menguap lebih cepat saat dipanaskan.,물은 가열하면 더 빨리 증발한다.
membeku,얼다/굳다,Air di luar membeku karena suhu sangat dingin.,기온이 너무 낮아 밖의 물이 얼었다.
meleleh,녹다/녹아내리다,Es krim itu meleleh karena terlalu lama di bawah sinar matahari.,아이스크림이 햇볕 아래 너무 오래 있어 녹아내렸다.
mengorbit,궤도를 돌다,Satelit itu mengorbit bumi setiap 90 menit.,그 위성은 90분마다 지구 궤도를 돈다.
gerimis,이슬비/보슬비,Sejak sore turun gerimis terus.,저녁부터 이슬비가 계속 내린다.
guntur,천둥,Suara guntur mengagetkan anak-anak.,천둥소리가 아이들을 놀라게 했다.
mendung,흐린/구름 낀,Langit mendung sejak pagi tadi.,오늘 아침부터 하늘이 흐리다.
cerah,맑은/화창한,Cuaca hari ini cerah sekali.,오늘 날씨는 아주 화창하다.
terik,땡볕의/쨍쨍한,Matahari terik pada siang hari.,한낮에는 햇볕이 쨍쨍하다.
kemarau,건기/가뭄철,Sumur mengering saat kemarau panjang.,긴 건기에는 우물이 마른다.
angin topan,태풍,Angin topan merusak banyak rumah.,태풍이 많은 집을 부쉈다.
bencana alam,자연재해,Indonesia sering dilanda bencana alam.,인도네시아는 자연재해를 자주 겪는다.
gempa bumi,지진,Gempa bumi terasa sampai kota sebelah.,지진이 옆 도시까지 느껴졌다.
tsunami,쓰나미/해일,Tsunami itu terjadi setelah gempa besar.,그 쓰나미는 큰 지진 뒤에 일어났다.
letusan,분화/폭발,Letusan gunung itu terdengar sampai jauh.,그 산의 분화 소리가 멀리까지 들렸다.
abu vulkanik,화산재,Abu vulkanik menutupi atap rumah warga.,화산재가 주민들 집 지붕을 덮었다.
tanah longsor,산사태,Tanah longsor menutup jalan desa.,산사태가 마을 길을 막았다.
kekeringan,가뭄,Petani menderita karena kekeringan panjang.,긴 가뭄으로 농민들이 고통받는다.
teluk,만(灣),Kapal berlabuh di teluk yang tenang.,배가 잔잔한 만에 정박했다.
selat,해협,Selat itu memisahkan dua pulau besar.,그 해협이 두 큰 섬을 갈라놓는다.
tanjung,곶/갑(岬),Mercusuar berdiri di ujung tanjung.,등대가 곶 끝에 서 있다.
pesisir,연안/해안 지대,Banyak nelayan tinggal di daerah pesisir.,연안 지역에는 어부가 많이 산다.
dataran tinggi,고원/고지대,Udara di dataran tinggi lebih sejuk.,고원 지대의 공기는 더 시원하다.
dataran rendah,저지대/평야,Padi banyak ditanam di dataran rendah.,벼는 저지대에 많이 심는다.
